period,count,amount,count_mom_growth_%,amount_mom_growth_%
2025-05,11204.0,195251.76,,
2025-06,8391.0,127581.98,-25.10710460549803,-34.657705518249884
2025-07,9121.0,138285.61,8.699797401978305,8.389609567119116
2025-08,12169.0,195651.62,33.41738844424953,41.483716201562856
2025-09,13959.0,225709.82,14.709507765633978,15.36312349470963
2025-10,13732.0,219622.04,-1.626190987893117,-2.697171084536776
